18624,Inside
18434,Metal Gear Solid V: The Phantom Pain
18353,The Witness
18067,Grand Theft Auto V
18417,Undertale
6308,Half-Life 2
9668,BioShock
9669,BioShock (Limited Edition)
3053,Black & White
6720,Tom Clancy's Splinter Cell Chaos Theory
17698,FTL: Faster Than Light
13649,Fallout 3 -- Game of the Year Edition
1795,Unreal Tournament [1999]
11768,Fallout 3
11902,Fallout 3 (Collector's Edition)
14106,Mass Effect 2 (Collector's Edition)
14047,Mass Effect 2
4320,The Sims (Deluxe Edition)
16883,BioShock Infinite
17311,SteamWorld Dig
1173,Sid Meier's Alpha Centauri
17469,Broken Age: Act 1
17206,Rayman Legends
17138,Gone Home
17582,The Walking Dead: Season Two -- Episode 2: A House Divided
4922,F1 Challenge '99-'02
16956,Fez
16554,Mass Effect 3
5760,Tom Clancy's Splinter Cell Pandora Tomorrow
16708,Diablo III
6154,Madden NFL 2005
16624,Rayman Origins
16357,Batman: Arkham City
16355,The Elder Scrolls V: Skyrim
1054,Half-Life
15707,Portal 2
9921,The Orange Box
15375,Battlefield: Bad Company 2 -- Vietnam
15077,Mass Effect 2: Lair of the Shadow Broker
12529,Empire: Total War
12611,Empire: Total War (Special Forces Edition)
246,The Walking Dead: The Game -- Episode 5: No Time Left
13760,Call of Duty: Modern Warfare 2
2257,StarCraft
1617,Homeworld
18508,Dark Souls III
1956,The Sims
17910,The Walking Dead: Season Two -- Episode 5: No Going Back
18254,Fallout 4
6085,The Sims 2
17077,Sid Meier's Civilization V: Brave New World
5203,Max Payne 2: The Fall of Max Payne
2694,Sacrifice
5657,Unreal Tournament 2004
6118,Unreal Tournament 2004 (Editor's Choice Edition)
6132,Rome: Total War
2611,Baldur's Gate II: Shadows of Amn
860,Grim Fandango
7304,Sid Meier's Civilization IV
1089,Baldur's Gate
2249,Deus Ex
17149,Dota 2
8314,Company of Heroes
9922,Half-Life 2: Episode Two
10088,Call of Duty 4: Modern Warfare
10126,Crysis
904,Tom Clancy's Rainbow Six
11503,Crysis Warhead
18572,Overwatch
2801,American McGee's Alice
4647,Tom Clancy's Splinter Cell
3848,Grand Theft Auto III
3831,The Elder Scrolls III: Morrowind
3963,Warcraft III: Reign of Chaos
18258,Rise of the Tomb Raider
1092,Starsiege: Tribes
6860,Grand Theft Auto: San Andreas
3389,Sid Meier's Civilization III
3958,F1 2002
7817,The Elder Scrolls IV: Oblivion
9704,World in Conflict
18425,Firewatch
18428,XCOM 2
3829,2002 FIFA World Cup
3805,Tony Hawk's Pro Skater 3
17676,Child of Light
226,Call of Duty: Black Ops II
18490,HTC Vive
11334,Bionic Commando Rearmed
3762,Freedom Force
17859,Middle-earth: Shadow of Mordor
1759,Quake III: Arena
12113,Prince of Persia
17754,The Wolf Among Us: Episode 5 -- Cry Wolf
13441,Batman: Arkham Asylum
13473,Resident Evil 5
2597,Tony Hawk's Pro Skater 2
3438,Tom Clancy's Ghost Recon
2652,Command & Conquer: Red Alert 2
3659,Medal of Honor: Allied Assault
5184,Call of Duty
4617,Command & Conquer Generals
16952,The Swapper
4842,Grand Theft Auto: Vice City
298,The Walking Dead -- Game of the Year Edition
18119,The Witcher 3: Wild Hunt
4687,NASCAR Racing: 2003 Season
2679,The Longest Journey
305,The Walking Dead: A Telltale Game Series -- Season One
4989,Madden NFL 2004
4255,Age of Mythology
3228,Max Payne
4111,Battlefield 1942
18070,Grim Fandango Remastered
12197,Grand Theft Auto IV
1728,NASCAR Racing 3
3678,Serious Sam: The Second Encounter
11961,Call of Duty: World at War (Collector's Edition)
11942,Call of Duty: World at War
1689,Rayman 2: The Great Escape
4638,Freelancer
1781,NBA Live 2000
2838,Giants: Citizen Kabuto
6392,Sid Meier's Pirates! Live the Life
3027,NASCAR Racing 4
11005,Mass Effect
7213,F.E.A.R.
6567,NASCAR SimRacing
3327,NHL 2002
2540,Homeworld: Cataclysm
3992,Mafia
4649,Master of Orion III
2168,Starlancer
8397,GTR 2
5034,Tony Hawk's Pro Skater 4
5701,Far Cry
1459,Legacy of Kain: Soul Reaver
1858,Planescape: Torment
5208,Patrician III
4004,Madden NFL 2003
4596,SimCity 4
2892,F1 Championship Season 2000
1575,Tom Clancy's Rainbow Six: Rogue Spear
17560,League of Legends
379,Borderlands 2: Mr. Torgue's Campaign of Carnage
167,Dishonored
18589,Deus Ex: Mankind Divided
17143,Tom Clancy's Splinter Cell: Blacklist
17627,The Wolf Among Us: Episode 3 -- A Crooked Mile
14439,Grand Theft Auto: Episodes from Liberty City
110,Torchlight II
10973,Galactic Civilizations II: Twilight of the Arnor
6492,World of Warcraft
16929,Tomb Raider
17640,Diablo III: Reaper of Souls
2701,No One Lives Forever
2685,Zeus: Master of Olympus
18350,Darkest Dungeon
16898,Mass Effect 3: Citadel
1251,MechWarrior 3
17933,Call of Duty: Advanced Warfare
6317,Need for Speed Underground 2
6391,Colin McRae Rally 2005
2280,SimCity 3000 Unlimited
17281,Scribblenauts Unmasked: A DC Comics Adventure
6640,Brothers in Arms: Road to Hill 30
4304,MechWarrior 4: Mercenaries
17074,Kentucky Route Zero: Act 2
14192,BioShock 2
18618,Starbound
4534,Battlefield 1942: The Road to Rome
18469,World of Warcraft: Legion
17228,Guacamelee!
61,NBA 2K13
3660,Trevor Chan's Capitalism II
17776,Transistor
3518,Return to Castle Wolfenstein
3448,Microsoft Flight Simulator 2002
3485,Europa Universalis II
3701,Star Trek: Bridge Commander
17788,The Walking Dead: Season Two -- Episode 3: In Harm's Way
4361,Combat Mission: Barbarossa to Berlin
4503,Asheron's Call 2
3385,Dark Age of Camelot
17727,Divinity: Original Sin
17312,The Pinball Arcade
4329,Tiger Woods PGA Tour 2003
17420,Rocksmith 2014
17693,Shovel Knight
17294,LEGO Marvel Super Heroes
17621,Dark Souls II
17616,Hearthstone: Heroes of WarCraft
3934,Neverwinter Nights
17587,South Park: The Stick of Truth
17300,XCOM: Enemy Within
4137,Unreal Tournament 2003
3976,Icewind Dale II
4128,No One Lives Forever 2: A Spy in H.A.R.M.'s Way
17471,Nidhogg
3754,Star Wars Jedi Knight II: Jedi Outcast
13755,Dragon Age: Origins
3377,Commandos 2: Men of Courage
2042,Thief II: The Metal Age
2460,Enemy Engaged: Comanche vs. Hokum
2431,Metal Gear Solid
2428,Michelin Rally Masters Race of Champions
18344,Mushroom 11
2208,Imperium Galactica II: Alliances
2195,Heroes of Might and Magic III: Shadow of Death
18376,The Witcher 3: Wild Hunt -- Hearts of Stone
2130,Soldier of Fortune
18405,Mega Man Legacy Collection
18335,Tales from the Borderlands -- Episode 5 The Vault of the Traveler
1924,MiG Alley
18411,Pony Island
18501,The Witcher 3: Wild Hunt -- Blood and Wine
18533,Oculus Rift
1747,Heroes of Might and Magic III: Armageddon's Blade
18557,Hearts of Iron IV
1673,Flight Unlimited III
1628,Pharaoh
2479,Grand Prix 3
2590,Superbike 2001
3355,Project Eden
18052,Evolve
17943,Pro Evolution Soccer 2015
3210,Baldur's Gate II: Throne of Bhaal
3175,Startopia
17288,FIFA 14
3056,Europa Universalis
17971,World of Warcraft: Warlords of Draenor
17978,The Binding of Isaac: Rebirth
2962,Clive Barker's Undying
2884,Space Empires IV
18279,Nuclear Throne
18113,Homeworld Remastered Collection
18128,Pillars of Eternity
2792,MechWarrior 4: Vengeance
18166,Broken Age: Act 2
18198,Kerbal Space Program
2623,NHL 2001
18232,Tales from the Borderlands -- Episode 3:  Catch a Ride
2610,NASCAR Heat
3121,Serious Sam: The First Encounter
17121,Rogue Legacy
17253,The Wolf Among Us: Episode 1 -- Faith
15932,Limbo
10587,Under a Killing Moon
10201,Unreal Tournament III
15539,Crysis 2
15555,Inside a Star-Filled Sky
15613,Total War: Shogun 2
15643,Gemini Rue
15754,Terraria
15768,The Witcher 2: Assassins of Kings
15979,Deus Ex: Human Revolution
15339,Dead Space 2
8874,Galactic Civilizations II: Dark Avatar
8850,Supreme Commander
8741,Tom Clancy's Splinter Cell Double Agent
15996,Bastion
16125,Orcs Must Die
8109,Prey [2006]
16210,Battlefield 3
7742,The Lord of the Rings: The Battle for Middle-earth II
15408,World of Warcraft: Cataclysm
15150,Need for Speed: Hot Pursuit
17245,The Raven: Legacy of a Master Thief Chapter I: The Eye of the Sphinx
14605,Transformers: War for Cybertron
13777,Dragon Age: Origins (Collector's Edition)
13833,Left 4 Dead 2
12991,Left 4 Dead (Game of the Year Edition)
12860,Plants vs. Zombies
12699,World in Conflict (Complete Edition)
12674,Ceville
14031,The Lord of the Rings Online: Siege of Mirkwood
12581,"Warhammer 40,000: Dawn of War II"
12112,World of Warcraft: Wrath of the Lich King
1530,System Shock 2
12096,World of Warcraft: Wrath of the Lich King (Collector's Edition)
11978,Left 4 Dead
14606,Mass Effect 2: Overlord
14935,Fallout: New Vegas
14975,Sid Meier's Civilization V
15133,Super Meat Boy
11739,World of Goo
11704,Warhammer Online: Age of Reckoning
7581,Prince of Persia: The Two Thrones
7406,NBA Live 06
16246,Football Manager 2012
5146,Homeworld 2
5472,Silent Hill 3
5433,Uru: Ages Beyond Myst
5399,Star Wars Knights of the Old Republic
5375,Deus Ex: Invisible War
5335,Beyond Good & Evil
5279,Need for Speed Underground
16998,Monaco
17030,Star Wars: The Old Republic
5100,Tiger Woods PGA Tour 2004
16289,Call of Duty: Modern Warfare 3
5055,Command & Conquer Generals Zero Hour
4988,Legacy Online
4980,Warcraft III: The Frozen Throne
17100,Gunpoint
4902,Combat Mission: Beyond Overlord (Special Edition)
4898,Microsoft Flight Simulator 2004: A Century of Flight
13474,Need for Speed Shift
17231,Spelunky
5632,EverQuest: Gates of Discord
16917,Bit.Trip Presents: Runner 2 Future Legend of Rhythm Alien
16784,Orcs Must Die 2
16734,Sid Meier's Civilization V: Gods & Kings
6872,Guild Wars
16384,Minecraft
16427,Trine 2
16511,Kingdoms of Amalur: Reckoning
6770,SWAT 4
16558,Alan Wake
6668,Freedom Force vs. the 3rd Reich
16610,Total War: Shogun 2 -- Fall of The Samurai
16660,Tribes: Ascend
16661,The Witcher 2: Assassins of Kings (Enhanced Edition)
6262,EverQuest: Omens of War
6213,Tribes: Vengeance
6167,Tiger Woods PGA Tour 2005
16704,Max Payne 3
16722,Botanicula
16724,Sword & Sworcery EP
6102,Myst IV Revelation
11680,Warhammer Online: Age of Reckoning (Collector's Edition)
7,Guild Wars 2
917,"The Operational Art of War, Vol. 1"
219,Need for Speed Most Wanted
1088,Close Combat III: The Russian Front
154,F1 2012
914,Unreal
250,Football Manager 2013
893,NHL '99
24,Dark Souls (Prepare to Die Edition)
275,Hitman: Absolution
1208,High Heat Baseball 2000
1180,Heroes of Might and Magic III: The Restoration of Erathia
108,FIFA Soccer 13
347,Far Cry 3
75,Hero Academy
114,Iron Brigade
918,Might and Magic VI: The Mandate of Heaven
38,The Walking Dead: The Game -- Episode 3: Long Road Ahead
1318,Descent 3
189,Borderlands 2
1168,SimCity 3000
14,Mark of the Ninja
1462,Darkstone
303,PlanetSide 2
1016,Shogo: Mobile Armor Division
